CommName,AmcName,historical_min,historical_max,historical_avg,record_count
ajwan,marpally,10351.388888888889,14145.833333333334,12062.5,36
ajwan,sadasivpet,11702.068965517241,12111.344827586207,11815.862068965518,29
ajwan,vikarabad,10170.37037037037,16365.074074074075,13496.74074074074,27
amaranthus,chennur,2731.8840579710145,2731.8840579710145,2731.8840579710145,69
amchur,hyderabad,10405.882352941177,22405.882352941175,17288.235294117647,17
amchur,nizamabad,8340.869565217392,28202.956521739132,19383.91304347826,115
amla,bowenpally,2437.442922374429,5192.998477929985,8636.187214611871,657
apple,gaddiannaram,4429.231425091352,14818.671132764921,7429.0511571254565,821
apple,warangal,9285.947712418301,13459.150326797386,10985.45751633987,306
arati-green plantain,gaddiannaram,2467.3629242819843,3265.6657963446473,2891.1227154046996,766
arati-green plantain,gudimalkapur,1827.3722627737227,2758.029197080292,2180.413625304136,822
banana,jainath,549.8881431767338,625.7829977628635,586.0268456375838,447
banana,warangal,2693.192488262911,2697.417840375587,2693.192488262911,213
bazra,nizamabad,2406.122448979592,2107.4285714285716,2045.8163265306123,49
beet root,bowenpally,542.6978776529338,2083.94506866417,1611.9737827715355,801
beet root,gaddiannaram,1743.80704041721,2477.9661016949153,2101.5645371577575,767
beet root,gudimalkapur,959.8802395209581,1689.2215568862275,1242.994011976048,835
beet root,hyderabad,1809.4724220623502,1871.1031175059952,2102.3309352517986,417
beet root,vantimamidi,1248.1818181818182,1248.1818181818182,1248.1818181818182,55
beet root,venkateshwar nagar,24.67105263157895,24.67105263157895,24.67105263157895,304
beet root,warangal,2077.805178791615,2449.568434032059,2472.996300863132,811
bengal gram,bhainsa,4502.408333333334,5349.6611111111115,5275.677777777778,360
bengal gram,boath,5440.0,5450.0,5448.518518518518,27
bengal gram,choppadandi,5927.166666666667,5939.0,6039.583333333333,12
bengal gram,kubeer,5335.0,5335.0,5335.0,21
bengal gram,narayanpet,5284.413043478261,5338.978260869565,5306.173913043478,92
bengal gram,nizamabad,4825.2,4865.12,4992.08,25
bengal gram,pargi,5509.037735849057,5645.207547169812,5591.094339622641,53
bengal gram,sadasivpet,5295.204545454545,5390.556818181818,5326.454545454545,88
bengal gram,tandur,5439.275229357798,5567.151376146789,5525.504587155963,218
bengal gram,vikarabad,4536.285714285715,4886.714285714285,4859.523809523809,21
bengal gram,warangal,5517.683333333333,5719.433333333333,5671.2,60
bengal gram,zaheerabad,5034.377358490566,5654.471698113208,5507.588679245283,265
ber,gaddiannaram,939.4150943396227,2461.1100628930817,1356.5943396226414,318
ber,warangal,1952.6315789473683,1952.6315789473683,1952.6315789473683,95
bitter gourd,bowenpally,961.6858237547892,3238.1864623243932,2583.205619412516,783
bitter gourd,gaddiannaram,2903.2175032175032,3759.97425997426,3307.979407979408,777
bitter gourd,gudimalkapur,1730.4191616766468,3497.7245508982037,2451.1377245508984,835
bitter gourd,hyderabad,2548.8496932515336,2865.260736196319,2958.159509202454,652
bitter gourd,kalwakurthy,2935.3508771929824,3564.2982456140353,3242.6754385964914,570
bitter gourd,sangareddy,3181.818181818182,3272.7272727272725,3236.3636363636365,11
bitter gourd,shadnagar,3001.2903225806454,3640.0,3291.6129032258063,310
bitter gourd,vantimamidi,1813.6474908200735,2702.6315789473683,2257.49694002448,817
bitter gourd,venkateshwar nagar,23.270491803278688,23.270491803278688,23.270491803278688,244
bitter gourd,warangal,3067.6254589963282,3534.1493268053855,3292.9620563035496,817
black gram,badepally,7493.2558139534885,7629.0,7614.139534883721,43
black gram,bhainsa,4462.576923076923,4747.692307692308,4747.692307692308,26
black gram,jagtial,6344.7692307692305,6344.7692307692305,6344.7692307692305,13
black gram,khammam,6818.387096774193,6991.129032258064,6924.322580645161,31
black gram,kollapur,7033.333333333333,7033.333333333333,7033.333333333333,24
black gram,mahabubabad,6177.133333333333,6458.166666666667,6318.55,60
black gram,nagarkurnool,7837.7,8405.4,8310.694444444445,180
black gram,narayanpet,5232.071428571428,6012.0,5694.0,14
black gram,nizamabad,5572.368421052632,5902.9473684210525,5786.578947368421,19
black gram,sadasivpet,5795.25,6365.4375,6095.375,16
black gram,suryapet,6038.358885017422,6623.404181184669,6438.062717770034,287
black gram,tandur,5899.626865671642,8548.231343283582,7335.462686567164,134
black gram,thirumalagiri,6302.420454545455,6347.102272727273,6419.159090909091,88
black gram,warangal,6609.741379310345,7234.7844827586205,7029.379310344828,116
black gram,zaheerabad,5551.533333333334,7665.978947368421,6700.789473684211,285
bottle gourd,bowenpally,301.70512820512823,863.0769230769231,698.8461538461538,780
bottle gourd,gaddiannaram,666.9240669240669,1062.6769626769626,860.7722007722008,777
bottle gourd,gudimalkapur,525.748502994012,1307.5449101796407,804.1916167664671,835
bottle gourd,hyderabad,407.0081967213115,511.34562841530055,460.775956284153,1464
bottle gourd,sangareddy,2285.714285714286,2464.285714285714,2378.5714285714284,14
bottle gourd,vantimamidi,472.76119402985074,754.9129353233831,622.1703980099503,804
bottle gourd,venkateshwar nagar,8.204633204633204,8.204633204633204,8.204633204633204,518
brinjal,bowenpally,649.7145581691036,2277.2409408773046,1811.4367450731088,1573
brinjal,chevella,2498.3333333333335,2498.4523809523807,2498.3333333333335,420
brinjal,gaddiannaram,1674.903474903475,2407.4646074646075,2018.7258687258686,777
brinjal,gudimalkapur,696.5508982035929,2115.2143712574853,1193.8922155688622,835
brinjal,hyderabad,1579.4496068620442,2002.4538956397428,1911.0564689063617,1399
brinjal,ibrahimpatnam(rr),2137.2384937238494,3063.1799163179917,2600.0,239
brinjal,kalwakurthy,1522.2222222222222,2325.6944444444443,1927.0447530864199,648
brinjal,sangareddy,1812.6760563380283,2173.5915492957747,1983.0985915492959,284
brinjal,shadnagar,985.6191744340879,1530.2263648468709,1253.2623169107856,751
brinjal,vantimamidi,706.2799043062201,1910.5263157894738,1334.5693779904307,836
brinjal,venkateshwar nagar,14.176795580110497,14.176795580110497,14.123388581952117,543
brinjal,warangal,2006.4605263157894,2419.377990430622,2175.1794258373207,836
cabbage,bowenpally,566.8335419274092,1338.7984981226534,4737.031289111389,799
cabbage,chevella,1082.066508313539,1080.3562945368171,1082.066508313539,421
cabbage,gaddiannaram,878.6357786357786,1348.030888030888,1096.4607464607463,777
cabbage,gudimalkapur,623.3532934131737,1166.682634730539,868.8622754491018,835
cabbage,hyderabad,1112.3911587407904,1437.3878097789686,1269.8680509042197,1493
cabbage,ibrahimpatnam(rr),1270.886075949367,2025.7383966244727,1657.3839662447258,237
cabbage,jainath,568.1818181818181,643.9090909090909,605.5454545454545,11
cabbage,kalwakurthy,1663.611111111111,1733.3333333333333,1698.611111111111,180
cabbage,sangareddy,1209.5588235294117,1343.3823529411766,1317.2867647058824,272
cabbage,shadnagar,1153.2608695652175,1702.733695652174,1396.7391304347825,736
cabbage,vantimamidi,575.0832266325224,897.5032010243278,752.4647887323944,781
cabbage,venkateshwar nagar,21.188524590163933,20.90983606557377,20.852459016393443,488
cabbage,warangal,1454.7123623011016,1782.374541003672,1636.9730722154222,817
capsicum,bowenpally,1408.3228247162674,4720.807061790669,3740.825977301387,793
capsicum,gaddiannaram,3595.4896907216494,4715.850515463918,4196.842783505154,776
capsicum,gudimalkapur,1838.682634730539,3902.0359281437127,2828.502994011976,835
capsicum,hyderabad,3278.5166240409208,3485.166240409207,3380.5626598465474,391
capsicum,sangareddy,3346.153846153846,3384.6153846153848,3307.6923076923076,13
capsicum,shadnagar,4388.695652173913,5198.260869565217,4691.304347826087,230
capsicum,vantimamidi,1624.6376811594203,1634.7826086956522,1629.7101449275362,69
capsicum,warangal,4697.277227722772,5171.163366336634,4935.792079207921,808
carrot,bowenpally,548.8308457711443,2836.9651741293533,2169.9937810945275,804
carrot,gaddiannaram,2317.783505154639,3138.5309278350514,8510.076030927836,776
carrot,gudimalkapur,947.6646706586827,3033.420359281437,1688.3784431137724,835
carrot,hyderabad,2588.415159345392,3069.0783807062876,2796.3393626184325,1161
carrot,ibrahimpatnam(rr),3264.5569620253164,4029.5358649789027,3636.7088607594937,237
carrot,sangareddy,2875.0,3050.568181818182,3197.7272727272725,176
carrot,shadnagar,1972.0754716981132,2679.380053908356,2292.6954177897574,742
carrot,vantimamidi,1637.6811594202898,1659.4202898550725,1648.5507246376812,69
carrot,venkateshwar nagar,29.417989417989418,29.417989417989418,29.417989417989418,189
carrot,warangal,2689.106487148103,3103.182374541004,2899.020807833537,817
castor,achampet,5822.333333333333,5875.8,5855.8,15
castor,atmakur(wnp),5595.744680851064,5623.617021276596,5595.744680851064,47
castor,badepally,5713.496794871795,5828.224358974359,5811.75641025641,312
castor,devarakadra,5963.413793103448,5776.261083743842,5774.645320197044,203
castor,gadwal,4688.902636916836,5671.022312373225,5591.906693711968,493
castor,nagarkurnool,5662.548076923077,5728.365384615385,5696.548076923077,104
castor,narayanpet,5393.583333333333,5414.055555555556,5405.638888888889,36
castor,siddipet,5456.173913043478,5456.173913043478,5456.173913043478,23
castor,suryapet,4814.538461538462,4814.538461538462,4814.538461538462,13
cattle(all),birkur,0.0,0.0,0.0,181
cattle(all),narsingi,14985.365853658537,43541.46341463415,32778.08536585366,410
cattle(all),tandur,15714.285714285714,53571.42857142857,20654.761904761905,84
cauliflower,bowenpally,534.352867830424,1792.2693266832919,3427.0299251870324,802
cauliflower,chevella,1343.3333333333333,1321.904761904762,1317.6190476190477,420
cauliflower,gaddiannaram,2039.0463917525774,2845.1069587628867,2441.430412371134,776
cauliflower,gudimalkapur,961.6766467065868,2710.4191616766466,1560.7185628742516,835
cauliflower,hyderabad,1924.5107487027428,2284.0622683469237,2072.5752409191996,1349
cauliflower,sangareddy,1695.7264957264956,1742.7350427350427,1720.5128205128206,117
cauliflower,vantimamidi,880.7486631016043,979.6791443850267,929.6791443850267,187
cauliflower,warangal,2836.7316341829087,3243.928035982009,3120.5397301349326,667
chillies(dry),enkoor,9094.6875,9822.916666666666,9421.875,96
chillies(dry),hyderabad,8287.208827135268,12520.024519820188,10127.646097261953,2447
chillies(dry),kesamudram,13393.721739130435,18518.104347826087,17400.182608695653,115
chillies(dry),khammam,9122.811977715877,14455.91643454039,12800.537604456824,718
chillies(dry),maddulapally,15181.818181818182,19545.454545454544,13818.181818181818,11
chillies(dry),mahabubabad,11793.112781954887,16391.496240601504,15047.015037593985,133
chillies(dry),warangal,14083.154967395474,18799.211354046798,16855.312236286918,2607
chowchow,bowenpally,647.8927203065134,1375.6704980842912,1180.4214559386974,522
chowchow,gudimalkapur,1098.4596577017114,1210.5134474327629,1129.3398533007335,409
cluster beans,bowenpally,1182.7989821882952,3250.381679389313,2986.5203562340967,786
cluster beans,gaddiannaram,2675.804375804376,3510.810810810811,3072.033462033462,777
cluster beans,gudimalkapur,1690.5389221556886,3218.802395209581,2298.562874251497,835
cluster beans,hyderabad,2814.046579330422,3168.9228529839884,3003.566229985444,687
cluster beans,kalwakurthy,2324.815724815725,3088.943488943489,2707.2481572481574,407
cluster beans,sangareddy,3312.0,3620.0,3480.0,25
cluster beans,shadnagar,3053.2894736842104,3865.625,3409.7039473684213,608
cluster beans,vantimamidi,2404.6382189239334,3256.0296846011133,2825.139146567718,539
cluster beans,venkateshwar nagar,25.44878048780488,25.44878048780488,25.44878048780488,205
cluster beans,warangal,3315.3136531365312,3688.068880688807,3461.5436654366545,813
coconut,jainath,550.0,625.0,580.0941176470589,85
colacasio(arvi),bowenpally,1701.6021361815754,3619.4926568758347,3075.1335113484647,749
colacasio(arvi),gaddiannaram,3295.8315946348735,4215.4992548435175,3716.2444113263787,671
colacasio(arvi),gudimalkapur,2549.228791773779,3509.7686375321337,2939.203084832905,778
colacasio(arvi),hyderabad,3224.4897959183672,3312.206632653061,3349.1071428571427,392
colacasio(arvi),warangal,3491.176470588235,3931.9607843137255,3774.121568627451,765
coriander,bhainsa,5067.388235294117,5655.588235294118,5363.423529411764,85
coriander,hyderabad,8411.764705882353,11705.882352941177,9764.70588235294,17
coriander,nizamabad,4891.277777777777,5035.0,4952.055555555556,18
cotton,adilabad,6471.589160839161,7141.835664335665,7013.907342657342,572
cotton,amangal,6637.226890756303,7214.957983193277,6933.44537815126,119
cotton,asifabad,7028.537931034482,7274.793103448276,7184.137931034483,290
cotton,badepally,5836.747663551402,6858.663551401869,7255.77570093458,107
cotton,bhainsa,6970.019093078759,7379.811455847255,7168.105011933174,419
cotton,bhupalapally,5481.889763779527,5961.023622047244,5773.779527559055,127
cotton,boath,7050.894039735099,7239.725165562914,7235.440397350993,302
cotton,chennur,7104.2918149466195,7237.846975088968,7133.309608540925,281
cotton,chityal-jbpl,5338.909090909091,5855.727272727273,5647.181818181818,110
cotton,choppadandi,6703.9390862944165,6644.903553299492,6614.720812182741,197
cotton,enkoor,6737.062146892656,6852.7683615819205,6937.344632768361,354
cotton,gajwel,6636.050997782705,7081.133037694013,6835.070953436807,451
cotton,ghanpur,7283.2,7499.066666666667,7344.0,150
cotton,husnabad,7004.938596491228,7341.096491228071,7259.438596491228,114
cotton,ichoda,7168.213675213675,7238.7008547008545,7191.880341880342,117
cotton,inderavally,7313.121546961326,7616.784530386741,7619.657458563536,181
cotton,jainath,7230.893333333333,7523.8133333333335,7380.88,75
cotton,jainoor,7116.0,7217.297435897436,7171.076923076923,195
cotton,jammikunta,6761.425,7281.423076923077,7163.576923076923,520
cotton,jogipet,7165.141104294478,7350.147239263803,7257.0306748466255,163
cotton,karimnagar,6393.404558404558,6721.076923076923,6632.678062678063,351
cotton,kataram,5483.48,6018.784,5732.32,250
cotton,kesamudram,4999.328313253012,7220.403614457831,7083.924698795181,332
cotton,khammam,5436.227040816327,7203.714285714285,7200.961734693878,392
cotton,kodakandla,75.37688442211055,37.688442211055275,7132.839195979899,199
cotton,kubeer,6771.100775193799,7490.364341085271,7307.573643410853,129
cotton,luxettipet,7267.161403508772,7385.150877192982,7495.375438596491,285
cotton,madnoor,7291.136752136752,7381.623931623932,7361.128205128205,234
cotton,mahabubabad,5849.037593984963,7341.87969924812,7236.827067669173,133
cotton,mancherial,7588.235294117647,7588.235294117647,7588.235294117647,17
cotton,manthani,6474.9152542372885,6474.9152542372885,6474.9152542372885,118
cotton,marpally,7406.014492753623,7586.95652173913,7481.159420289855,138
cotton,mulugu,6541.574074074074,7227.601851851852,6939.87037037037,108
cotton,nalgonda,7121.625,7129.125,7129.125,80
cotton,narayankhed,8264.285714285714,8264.285714285714,8264.285714285714,14
cotton,narsampet,6289.628019323672,7076.95652173913,6810.676328502415,207
cotton,nekkonda,6312.243243243243,7196.621621621622,6891.108108108108,185
cotton,nirmal,7071.475138121547,7150.696132596685,7094.093922651934,181
cotton,palakurthy,7015.151515151515,7212.121212121212,7015.151515151515,33
cotton,parkal,6745.471204188481,7082.696335078534,6907.565445026178,191
cotton,peddapally,6499.441295546559,7142.331983805668,7004.562753036437,247
cotton,pitlam,7425.433962264151,7425.433962264151,7375.622641509434,159
cotton,raikode,6225.872881355932,7501.9152542372885,6637.440677966101,118
cotton,rudrangi,6781.159420289855,7140.144927536232,7083.695652173913,138
cotton,sarangapur,6765.999663865546,6840.714285714285,6761.140756302521,119
cotton,suryapet,6543.26,7389.7,7194.52,50
cotton,thorrur,7155.509259259259,7155.509259259259,7155.509259259259,108
cotton,vatpally,7733.333333333333,7643.20987654321,7734.567901234568,81
cotton,vemulawada,6570.5374149659865,6946.200680272109,6883.367346938776,294
cotton,warangal,5812.71585106383,7123.292127659574,6749.596063829787,564
cotton,wardhannapet,6673.125,7538.75,7071.041666666667,48
cowpea,badepally,5691.717391304348,6060.934782608696,6145.246376811594,138
cowpea,khammam,6877.659090909091,6954.363636363636,6939.022727272727,44
cowpea,mahabubabad,5809.933333333333,6229.177777777778,6191.7,90
cowpea,narayanpet,6274.8564102564105,6910.54358974359,6720.656410256411,195
cowpea,navabpet(mbnr),5417.4375,6912.583333333333,6486.083333333333,48
cowpea,siddipet,6644.886597938144,6857.68556701031,6745.422680412371,194
cowpea,suryapet,5654.786363636364,6624.072727272727,6388.977272727273,220
cowpea,thirumalagiri,6061.938202247191,6290.095505617977,6231.679775280899,178
cowpea,warangal,6050.611111111111,6959.044444444445,6695.581481481481,270
cucumber,bowenpally,561.9731113956466,1809.4110115236876,1454.8975672215108,781
cucumber,gaddiannaram,1483.118556701031,2224.09793814433,1828.479381443299,776
cucumber,gudimalkapur,906.6666666666666,1627.939393939394,1191.3818181818183,825
cucumber,hyderabad,1717.3541963015648,1877.5960170697012,1787.2688477951635,703
cucumber,kalwakurthy,1369.066874027994,1983.203732503888,1691.213063763608,643
cucumber,vantimamidi,912.1451104100946,1235.6466876971608,1085.3312302839117,634
cucumber,venkateshwar nagar,18.08587786259542,18.06679389312977,20.166030534351144,524
cucumber,warangal,1869.8193548387096,2246.7096774193546,2052.3225806451615,775
culinery banana,bowenpally,294.6808510638298,710.1063829787234,577.6196808510638,752
custard apple,gaddiannaram,1913.474025974026,5529.707792207792,2921.2662337662337,308
donda,bowenpally,965.9466327827192,2729.6060991105464,2175.8576874205846,787
donda,gaddiannaram,1994.7809278350514,2694.201030927835,2511.1237113402062,776
donda,gudimalkapur,1269.5808383233532,2250.754491017964,1610.443113772455,835
donda,hyderabad,1944.384707287933,2329.510155316607,2157.8279569892475,837
donda,kalwakurthy,2032.3529411764705,2180.0,2106.176470588235,85
donda,sangareddy,2314.4578313253014,2422.89156626506,2375.3012048192772,166
donda,vantimamidi,1488.433734939759,2645.602409638554,2046.4698795180723,830
donda,venkateshwar nagar,15.652908067542214,15.652908067542214,15.652908067542214,533
donda,warangal,2280.168269230769,2664.591346153846,2477.704326923077,832
drumstick,bowenpally,2000.8951406649617,5517.519181585678,4447.506393861892,782
drumstick,gaddiannaram,2590.23709902371,3608.9260808926083,3081.938633193863,717
drumstick,gudimalkapur,3251.884422110553,4722.48743718593,3785.678391959799,796
drumstick,vantimamidi,2131.4376657824932,2400.79575596817,2235.0663129973473,377
eucalyptus,mulugu,400.0,400.0,400.0,30
eucalyptus,sattupalli,414.6666666666667,422.6222222222222,418.22222222222223,45
field beans,bowenpally,1886.607142857143,5000.382653061224,4162.34056122449,784
field beans,choppadandi,6081.070422535211,6640.267605633803,6505.718309859155,71
field beans,gaddiannaram,3604.6332046332045,4923.423423423424,4254.118404118404,777
field beans,gudimalkapur,2166.946107784431,4652.934131736527,3188.3832335329344,835
field beans,hyderabad,3850.72,4337.76,4095.36,625
field beans,jagtial,5471.8421052631575,6478.652631578947,6231.831578947368,95
field beans,vantimamidi,1992.1604938271605,4076.1728395061727,3039.5061728395062,810
field beans,venkateshwar nagar,25.47945205479452,24.986301369863014,25.47945205479452,73
field beans,warangal,4526.76399026764,4934.428223844282,4699.330900243309,822
french beans,bowenpally,2239.720812182741,5883.883248730965,4856.662436548223,788
french beans,gaddiannaram,4695.169712793734,6043.733681462141,5438.707571801567,766
french beans,gudimalkapur,3052.814371257485,5788.383233532934,4202.358083832335,835
french beans,hyderabad,5090.384615384615,5781.631299734748,5404.376657824933,754
french beans,sangareddy,3038.4615384615386,3192.3076923076924,3115.3846153846152,13
french beans,vantimamidi,2062.03007518797,3459.0225563909776,2758.8909774436092,532
french beans,warangal,5942.474489795918,6582.397959183673,6371.649234693878,784
gajar,bowenpally,815.8102766798419,2198.418972332016,1798.2213438735178,253
gajar,gudimalkapur,939.2491467576792,1692.1501706484642,1177.1331058020478,293
garlic,hyderabad,8518.947368421053,14737.131578947368,65421.05263157895,190
gingelly,bhainsa,10305.899280575539,12041.23381294964,11503.244604316547,278
gingelly,jagtial,11796.916666666666,13508.861111111111,11785.097222222223,72
gingelly,narayanpet,4137.896551724138,4362.672413793103,4285.379310344828,58
gingelly,nizamabad,11871.737113402061,13708.275773195875,12998.37886597938,388
gingelly,thirumalagiri,6537.625,6537.625,6537.625,16
gingelly,warangal,10848.175115207374,11789.364055299538,11566.361751152073,434
ginger,hyderabad,3040.5172413793102,6118.103448275862,5256.068965517241,116
grapes,gaddiannaram,3476.7422969187674,7688.357843137255,5017.7801120448175,1428
grapes,warangal,5430.620689655172,5447.172413793103,5383.724137931034,725
green chillies,bowenpally,1223.375,3930.75,3136.61875,800
green chillies,chevella,4953.571428571428,5720.238095238095,5394.047619047619,420
green chillies,gaddiannaram,2774.935233160622,3805.699481865285,3284.2616580310882,772
green chillies,gudimalkapur,1625.125748502994,4107.604790419162,2749.4610778443116,835
green chillies,hyderabad,3310.064935064935,3828.1493506493507,7354.70974025974,1540
green chillies,ibrahimpatnam(rr),4597.907949790795,5679.916317991632,5141.841004184101,239
green chillies,kalwakurthy,2982.8530259365994,4726.9452449567725,3879.971181556196,694
green chillies,khammam,3911.764705882353,4835.294117647059,3950.9803921568628,102
green chillies,sangareddy,3686.062717770035,4639.024390243902,5368.010452961673,287
green chillies,shadnagar,2776.1073825503354,3659.463087248322,3160.201342281879,745
green chillies,shankerpally,3855.6451612903224,4546.774193548387,4195.1612903225805,124
green chillies,vantimamidi,1774.320987654321,3077.1604938271603,2429.5061728395062,810
green chillies,venkateshwar nagar,32.79959919839679,32.79959919839679,32.79959919839679,499
green chillies,warangal,3014.3867924528304,3433.0188679245284,3223.3514150943397,848
green chillies (bold),bowenpally,1190.886075949367,3872.5075949367088,3110.793670886076,790
green gram,bhainsa,4932.539682539683,5794.976190476191,5572.642857142857,126
green gram,choppadandi,7362.603174603175,7824.587301587301,7847.571428571428,63
green gram,jagtial,7127.482758620689,7127.482758620689,7127.482758620689,29
green gram,kesamudram,6177.757142857143,7586.742857142857,7158.433333333333,210
green gram,khammam,5728.183333333333,7421.980555555556,7048.452777777778,360
green gram,mahabubabad,6932.0989010989015,7291.32967032967,7000.406593406594,91
green gram,nagarkurnool,6468.418181818181,6755.018181818182,7909.254545454545,55
green gram,narayanpet,6606.208178438662,7904.795539033457,7499.576208178439,269
green gram,nizamabad,6544.1612903225805,6823.645161290323,6670.225806451613,31
green gram,sadasivpet,6915.142857142857,7955.190476190476,7456.809523809524,21
green gram,siddipet,7366.0,7381.875,7372.875,16
green gram,suryapet,5651.171428571429,7371.072380952381,6842.045714285714,525
green gram,tandur,6945.10625,8739.95,7708.725,160
green gram,thirumalagiri,6197.991452991453,6958.042735042735,6960.102564102564,234
green gram,warangal,5843.549180327869,7179.502732240438,6778.483606557377,366
green gram,zaheerabad,6127.786206896551,7897.772413793104,7210.475862068965,145
green mangos,bowenpally,1743.0311231393775,4556.021650879567,3772.9025710419487,739
green mangos,gudimalkapur,1932.8629032258063,2465.1209677419356,2074.4959677419356,496
green mangos,hyderabad,872.4545454545455,1399.090909090909,1176.2272727272727,220
green onion,bowenpally,1494.9333333333334,3841.0666666666666,3140.3,750
green onion,gudimalkapur,2093.4036939313983,2626.9129287598944,2245.118733509235,758
green onion,vantimamidi,1509.1375770020534,2029.876796714579,1772.17659137577,487
green peas,bowenpally,1998.3827493261456,4481.401617250674,3746.6846361185985,371
green peas,gudimalkapur,2647.4926253687318,3394.100294985251,2882.890855457227,339
green tamarind,bowenpally,1621.0610932475884,3692.282958199357,3096.4630225080386,311
green tamarind,gudimalkapur,2149.6894409937886,2514.285714285714,2228.5714285714284,322
groundnut pods,achampet,5354.6625514403295,7418.851851851852,6870.4485185185185,243
groundnut pods,badepally,4789.6246851385395,6798.589420654912,6366.4584382871535,397
groundnut pods,bhainsa,5164.78125,5498.375,5349.125,32
groundnut pods,gadwal,3560.0837912087914,6355.8942307692305,5306.159340659341,728
groundnut pods,jagtial,2783.0384615384614,2916.8846153846152,2840.153846153846,26
groundnut pods,jangoan,5304.4,6229.66,5886.88,50
groundnut pods,kalwakurthy,4878.81696969697,7205.756363636363,6706.999090909091,33
groundnut pods,kesamudram,5891.680412371134,6654.412371134021,6386.865979381443,97
groundnut pods,mahabubabad,6644.875,6892.96875,6836.09375,32
groundnut pods,mahbubnagar,4599.384375,6586.365625,6066.19375,320
groundnut pods,nagarkurnool,4957.225961538462,7002.7692307692305,6546.870192307692,208
groundnut pods,narayanpet,4095.2266666666665,6172.671111111111,5518.608888888889,225
groundnut pods,navabpet(mbnr),4818.5,6701.130434782609,6413.45652173913,46
groundnut pods,pargi,5833.580645161291,6416.8387096774195,6208.225806451613,31
groundnut pods,siddipet,6061.038461538462,6111.846153846154,5857.2692307692305,26
groundnut pods,suryapet,4911.471354166667,5804.802083333333,5370.010416666667,384
groundnut pods,tandur,5840.068181818182,6677.221590909091,6390.136363636364,176
groundnut pods,thirumalagiri,5668.472477064221,6433.293577981652,6197.899082568807,218
groundnut pods,vantimamidi,2921.015514809591,3627.503526093089,3277.0662905500703,709
groundnut pods,wanaparthy road,5612.545806451613,7219.564731182796,6556.751290322581,93
groundnut pods,wanaparthy town,4836.121602316603,6797.92277992278,6112.901544401544,518
groundnut pods,warangal,4148.140425531915,6733.944680851064,5947.270212765958,470
guava,gaddiannaram,1278.8592233009708,4284.648058252427,2076.152912621359,824
guava,warangal,6254.807692307692,6185.576923076923,6254.807692307692,104
hari boot,gudimalkapur,1584.765625,2816.40625,2029.6953125,256
horse gram,badepally,5967.708333333333,6018.333333333333,5915.972222222223,72
horse gram,navabpet(mbnr),5930.5,6512.166666666667,6361.458333333333,24
horse gram,sadasivpet,5402.25,5770.916666666667,5624.666666666667,12
horse gram,siddipet,6353.281690140845,6626.352112676056,6487.429577464789,142
horse gram,suryapet,5629.126436781609,6191.229885057472,5943.310344827586,87
jack fruit,gaddiannaram,1778.313253012048,4356.626506024097,2433.734939759036,83
jowar,badepally,3728.338888888889,4305.511111111111,4091.2944444444443,180
jowar,bhainsa,2005.0328358208956,2320.6328358208957,2238.438805970149,335
jowar,boath,3053.529411764706,3055.0588235294117,3055.0588235294117,85
jowar,chevella,2500.0,2500.0,2500.0,25
jowar,jogipet,2140.625,2368.75,2254.6875,16
jowar,narayanpet,3419.2355555555555,4414.782222222222,4058.6355555555556,225
jowar,nizamabad,1794.2615384615385,1906.076923076923,1840.676923076923,65
jowar,sadasivpet,2955.4967741935484,3179.9774193548387,3059.238709677419,310
jowar,suryapet,3407.153846153846,3673.0461538461536,3516.507692307692,65
jowar,warangal,2862.653333333333,3033.4933333333333,2947.8533333333335,75
jowar,zaheerabad,2904.470284237726,3553.1731266149873,3217.4005167958658,387
kheera,bowenpally,910.230179028133,2443.7340153452687,2010.7953964194373,782
kheera,gudimalkapur,698.4412470023981,2033.3932853717026,1119.7841726618706,834
kheera,hyderabad,1329.5407098121086,1613.7195546276967,1718.8086290883787,1437
kheera,vantimamidi,449.79493365500605,1013.3896260554885,722.3401688781664,829
kheera,warangal,1587.4396135265702,1914.8695652173913,1746.376811594203,828
ladys finger,bowenpally,944.9748743718593,2761.494974874372,2274.748743718593,796
ladys finger,gaddiannaram,2254.118404118404,3082.779922779923,2619.7554697554697,777
ladys finger,gajwel,1628.2051282051282,2217.948717948718,2128.2051282051284,39
ladys finger,gudimalkapur,1258.802395209581,3043.77245508982,1960.2395209580839,835
ladys finger,hyderabad,2636.6145354185833,3314.8804047838084,2955.8877644894205,1087
ladys finger,ibrahimpatnam(rr),3519.0871369294605,4518.672199170124,4017.6348547717844,241
ladys finger,kalwakurthy,2170.639534883721,3174.8546511627906,2673.1875,688
ladys finger,sangareddy,2943.979057591623,3116.2303664921465,3164.3979057591623,191
ladys finger,shadnagar,2175.7978723404253,2885.2393617021276,2477.526595744681,752
ladys finger,vantimamidi,1448.984468339307,2872.7598566308243,2155.678614097969,837
ladys finger,venkateshwar nagar,23.541586073500966,23.47001934235977,23.502901353965182,517
ladys finger,warangal,2493.3806146572106,2891.371158392435,2694.4444444444443,846
lemon,hyderabad,937.6844783715013,3278.4287531806617,2123.701017811705,786
lemon,nakrekal,93.74643874643874,978.5612535612536,368.94586894586894,702
lobha,bowenpally,798.2620320855615,1960.4946524064171,1624.8328877005347,748
lobha,choppadandi,6517.037037037037,6711.009259259259,6682.361111111111,108
lobha,gudimalkapur,1042.3366834170854,1479.5226130653266,1177.6381909547738,796
lobha,jagtial,5675.066666666667,5774.766666666666,5737.25,60
lobha,vantimamidi,944.4043321299639,1797.352587244284,1369.7954271961491,831
maize,achampet,1902.0482926829268,2153.4446341463413,2152.3470731707316,164
maize,asifabad,2040.0,2046.0827586206897,2041.7241379310344,145
maize,badepally,1920.1360153256705,2268.697318007663,2120.354406130268,522
maize,banswada,2047.6106194690265,2030.8849557522124,2047.6194690265486,113
maize,bhainsa,1860.269978401728,2102.110151187905,2044.0583153347732,463
maize,boath,1849.5555555555557,1923.7777777777778,1889.3333333333333,45
maize,choppadandi,2085.2078774617066,2268.577680525164,2217.9934354485777,457
maize,gajwel,2112.0103092783506,2264.463917525773,2197.422680412371,97
maize,ghanpur,2050.1428571428573,2177.285714285714,2126.3333333333335,21
maize,husnabad,2072.912844036697,2146.788990825688,2106.330275229358,218
maize,inderavally,1801.923076923077,2309.6153846153848,2249.6153846153848,26
maize,jagtial,1860.0143678160919,2137.385057471264,2089.155172413793,348
maize,jainath,2242.9607843137255,2376.2614379084966,2302.545751633987,153
maize,jangoan,1993.0056022408965,2196.1400560224088,2128.5070028011205,357
maize,karimnagar,2001.0261437908496,2040.18954248366,2032.0653594771243,153
maize,kesamudram,1948.9675090252708,2221.8664259927796,2167.592057761733,277
maize,khammam,1767.0089285714287,1888.8839285714287,1843.9285714285713,112
maize,kollapur,2210.3275862068967,2300.137931034483,2290.551724137931,58
maize,korutla,2190.909090909091,2304.5454545454545,2227.5454545454545,11
maize,mahabubabad,1797.485436893204,2034.378640776699,1978.1844660194174,103
maize,mahbubnagar,1859.0641711229946,2111.903743315508,2046.8716577540106,187
maize,mancherial,2300.0,2300.0,2300.0,13
maize,marpally,1973.7837837837837,2113.2432432432433,2042.162162162162,37
maize,medipally,2157.0535714285716,2157.0535714285716,2139.1964285714284,112
maize,nagarkurnool,2067.5642857142857,2188.532142857143,2223.8035714285716,280
maize,narsampet,1995.525,2171.9583333333335,2140.9666666666667,240
maize,navabpet(mbnr),2043.0925925925926,2274.9444444444443,2242.1388888888887,108
maize,nekkonda,2001.9139784946237,2101.6236559139784,2063.47311827957,93
maize,nizamabad,1851.0033112582782,2175.582781456954,2056.8046357615895,302
maize,pargi,2141.5140186915887,2294.7383177570096,2245.607476635514,107
maize,pitlam,2004.7878787878788,2004.7878787878788,2004.7878787878788,33
maize,rudrangi,2145.740740740741,2147.222222222222,2147.222222222222,27
maize,sadasivpet,2090.1570680628274,2157.9005235602094,2137.214659685864,191
maize,sattupalli,1897.142857142857,1978.8857142857144,1896.857142857143,35
maize,shadnagar,2158.385418994413,2251.6479888268154,2219.7988268156423,179
maize,siddipet,2175.0316205533595,2234.7312252964425,2195.4407114624505,506
maize,suryapet,1736.6082474226805,1855.6701030927834,1799.1030927835052,97
maize,tandur,2035.425,2131.88,2106.815,200
maize,thirumalagiri,1943.278431372549,2024.270588235294,1993.3294117647058,255
maize,thorrur,2016.8461538461538,2016.8461538461538,2016.7692307692307,52
maize,vemulawada,2252.4193548387098,2272.4193548387098,2273.3870967741937,31
maize,vikarabad,2034.967741935484,2224.2258064516127,2174.6451612903224,31
maize,wanaparthy town,1970.7310924369747,2110.016806722689,2024.09243697479,119
maize,warangal,2099.808936825886,2339.833590138675,2265.8921417565484,649
maize,zaheerabad,2018.9067055393587,2268.9154518950436,2183.935860058309,343
mango,dharmaram,1500.0,2727.2727272727275,1863.6363636363637,11
mango,gaddiannaram,2894.582928146948,9090.38681793625,4737.32414910859,1851
mango,jagtial,2470.0389105058366,3394.0856031128405,3022.1789883268484,257
mango,jainath,803.5416666666666,985.1166666666667,889.4875,240
mango,kollapur,2169.811320754717,2169.811320754717,2169.811320754717,53
mango,korutla,2336.6666666666665,4238.333333333333,3285.0,60
mango,luxettipet,1104.032258064516,1104.032258064516,1104.032258064516,62
mango,medipally,2581.1881188118814,2581.1881188118814,2557.4257425742576,101
mango,thorrur,1000.0,1000.0,1000.0,14
mango,warangal,1572.4014336917562,4639.068100358423,3111.68458781362,279
mosambi,gaddiannaram,1431.0195258019526,3773.6359832635985,2200.753138075314,717
mosambi,jainath,548.7268518518518,625.0,585.6412037037037,432
mosambi,nalgonda,1000.0,1000.0,1000.0,20
mosambi,warangal,1863.4285714285713,2270.285714285714,2105.4285714285716,175
musk melon,gaddiannaram,743.3374083129585,1755.1344743276284,1056.3814180929096,818
musk melon,jainath,553.2786885245902,628.7540983606557,1067.639344262295,122
musk melon,warangal,2106.2706270627064,2987.4587458745873,2496.864686468647,303
mustard,nizamabad,4403.76,4413.36,4409.36,25
nashpati(pear),gaddiannaram,7556.043956043956,18886.79487179487,11079.48717948718,546
onions,bowenpally,826.6089108910891,2367.9455445544554,1905.3217821782177,808
onions,devarakadra,1680.4597701149426,2497.344827586207,2087.9655172413795,87
onions,gudimalkapur,753.8369304556355,2734.052757793765,1583.2134292565947,834
onions,hyderabad,1396.6742770167427,2606.7686453576866,2120.7762557077626,1314
onions,jainath,756.25,889.5833333333334,823.8333333333334,12
onions,narayankhed,1189.4736842105262,1189.4736842105262,1189.4736842105262,19
onions,sadasivpet,844.6594594594594,2346.781981981982,1978.8954954954954,555
onions,sangareddy,1857.0588235294117,2057.0588235294117,1934.1176470588234,170
orange,gaddiannaram,1446.46875,4715.76875,2414.825,800
orange,warangal,1996.7418546365914,3267.6691729323306,2518.1328320802004,399
paddy,alair,2112.612222222222,2134.875777777778,2118.218888888889,900
paddy,amangal,2165.135135135135,2193.5135135135133,2166.4864864864867,74
paddy,asifabad,2151.4505494505493,2171.478021978022,2163.565934065934,182
paddy,badepally,1914.165191740413,2283.022123893805,2165.0353982300885,678
paddy,banswada,2124.4776119402986,2119.502487562189,2109.726368159204,201
paddy,bhongir,1603.7162162162163,1655.8783783783783,1626.1486486486488,74
paddy,birkur,2023.7383177570093,2049.542056074766,2048.4205607476633,107
paddy,chennur,2127.55,2129.133333333333,2128.05,120
paddy,choppadandi,2091.480533926585,2159.717463848721,2140.3058954393773,899
paddy,chouttuppal,2203.0,2203.0,2203.0,19
paddy,devarakadra,1985.9572107765453,2146.6798732171155,2065.6053882725832,631
paddy,dharmapuri,2251.825,2251.825,2251.825,40
paddy,dharmaram,2187.6363636363635,2187.6363636363635,2187.6363636363635,11
paddy,dubbaka,2291.8356164383563,2291.8356164383563,2291.698630136986,73
paddy,gadwal,1782.3387096774193,2230.9631336405528,2073.2073732718895,434
paddy,gajwel,2173.9310344827586,2216.137931034483,2194.7586206896553,145
paddy,ghanpur,2083.2479338842977,2191.4834710743803,2136.099173553719,242
paddy,halia,2337.1428571428573,2337.1428571428573,2337.1428571428573,14
paddy,husnabad,2185.093434343434,2247.0479797979797,2193.8661616161617,396
paddy,huzurabad,2261.5,2261.5,2261.5,24
paddy,ibrahimpatnam(jgl),2282.5348837209303,2282.5348837209303,2282.5348837209303,86
paddy,jagtial,1952.158371040724,2123.9049773755655,2063.867269984917,663
paddy,jainath,2250.7051282051284,2344.8846153846152,2297.801282051282,78
paddy,jangoan,1849.4364326375712,1986.3339658444022,1979.7476280834915,527
paddy,kataram,1689.3617021276596,1761.276595744681,1771.4893617021276,47
paddy,kesamudram,2280.037878787879,2794.4545454545455,2679.189393939394,528
paddy,khanapur,2171.830508474576,2171.830508474576,2171.830508474576,177
paddy,kodakandla,13.835616438356164,14.599315068493151,2093.972602739726,292
paddy,kollapur,2195.6787878787877,2195.6787878787877,2195.6787878787877,165
paddy,korutla,2136.474178403756,2180.279342723005,2148.330985915493,426
paddy,luxettipet,195312502373.67188,2431.875,2402.96875,128
paddy,maddulapally,1743.4848484848485,2118.080808080808,1907.171717171717,198
paddy,mahabubabad,48129.74327628362,2551.481662591687,2364.322738386308,409
paddy,mahbubnagar,1949.591836734694,2362.695918367347,2202.444897959184,490
paddy,makthal,2361.5383076923076,2492.738153846154,2437.846153846154,65
paddy,mancherial,2385.2380952380954,2385.2380952380954,2385.2380952380954,42
paddy,manthani,2211.6090225563908,2228.1729323308273,2228.1729323308273,133
paddy,miryalguda,2136.839285714286,2136.839285714286,2136.839285714286,56
paddy,mothkur,1637.0221327967806,1567.8068410462777,1737.0221327967806,497
paddy,mulugu,2184.622950819672,2208.344262295082,2197.27868852459,61
paddy,nagarkurnool,1927.5884393063584,2263.9884393063585,2045.0173410404625,173
paddy,nalgonda,2069.9268292682927,2069.9268292682927,2069.9268292682927,41
paddy,narayanpet,1831.2380952380952,2352.421245421245,2179.2948717948716,546
paddy,navabpet(mbnr),1988.265625,2416.75,2292.71875,192
paddy,nelakondapally,2151.3040293040294,2155.3076923076924,2138.70695970696,273
paddy,nizamabad,2128.486033519553,2213.7960893854747,2127.516759776536,358
paddy,palakurthy,2036.3636363636363,2036.3636363636363,2036.3636363636363,11
paddy,pargi,1993.949152542373,3830815686.1864405,2081.864406779661,59
paddy,pitlam,2114.0478723404253,2111.2978723404253,2114.7925531914893,188
paddy,rudrangi,2222.933673469388,2242.780612244898,2230.015306122449,196
paddy,sarangapur,2050.214285714286,2050.214285714286,2050.214285714286,14
paddy,sattupalli,1915.6666666666667,2070.222222222222,2006.0,45
paddy,shadnagar,2003.9068813559322,2406.476338983051,2260.0932881355934,295
paddy,siddipet,1963.537037037037,2021.6962962962964,1993.914814814815,270
paddy,sultanabad,2122.7448979591836,2122.7448979591836,2122.7448979591836,98
paddy,suryapet,1796.8436896950984,2465.0127363952142,3224.3654959475107,2591
paddy,tandur,2093.8888888888887,2245.7294685990337,2184.985507246377,207
paddy,thirumalagiri,1972.9572153734591,2221.6352429296594,2123.3647570703406,1379
paddy,thorrur,2181.8917748917747,2096.926406926407,2096.6666666666665,231
paddy,vemulawada,2210.1153846153848,2229.811965811966,2222.905982905983,234
paddy,venkateshwar nagar,2128.9954921111944,2130.6506386175806,2122.482344102179,1331
paddy,wanaparthy town,2029.091286307054,2131.5809128630704,2037.4066390041494,241
paddy,wardhannapet,2113.684210526316,2113.684210526316,2113.684210526316,76
paddy,yellareddy,2111.7589743589742,2111.7589743589742,2111.7589743589742,195
papaya,gaddiannaram,918.9818181818182,2487.5272727272727,1414.5939393939393,825
papaya,jainath,550.0,625.8720930232558,587.0,430
papaya,warangal,2142.162162162162,2171.891891891892,2157.027027027027,185
pine apple,gaddiannaram,587.4570024570024,3392.4324324324325,1026.8304668304668,814
pine apple,warangal,2645.5882352941176,2673.529411764706,2665.073529411765,136
plum(aloobukara),gaddiannaram,3718.285198555957,8627.873646209386,5504.819494584837,554
plum(aloobukara),warangal,7953.333333333333,9606.666666666666,8752.0,75
pomegrenates,gaddiannaram,1592.3583662714097,12728.656126482214,3097.220026350461,759
pomegrenates,warangal,8757.54060324826,12494.199535962876,10248.723897911834,431
potato,bowenpally,956.6131025957973,2262.9171817058095,1890.9765142150804,809
potato,gaddiannaram,1825.889317889318,2239.6396396396394,2018.0566280566281,777
potato,gudimalkapur,1100.9580838323354,2152.4550898203593,1704.311377245509,835
potato,hyderabad,1894.5258620689656,2038.8362068965516,1959.978448275862,1160
potato,kalwakurthy,2328.169014084507,2384.8591549295775,2357.7464788732395,284
potato,sangareddy,1385.8638743455497,1490.8376963350786,1505.2513089005236,191
potato,shankerpally,2374.4,2391.2,2315.6,125
potato,vantimamidi,1158.2191780821918,1537.2602739726028,1347.4657534246576,365
potato,venkateshwar nagar,22.19741697416974,22.19188191881919,22.247232472324722,542
potato,warangal,2230.637544273908,2594.687131050767,2487.8571428571427,847
pumpkin,bowenpally,553.1413612565445,1292.4083769633507,1060.4057591623036,764
pumpkin,gaddiannaram,905.045871559633,1266.0550458715597,5192.431192660551,218
pumpkin,gudimalkapur,840.3622250970246,1175.2910737386806,964.6830530401035,773
pumpkin,vantimamidi,502.37388724035605,609.080118694362,560.9940652818991,674
radish,bowenpally,208.53333333333333,356.6666666666667,317.1533333333333,750
radish,gudimalkapur,698.8235294117648,882.2058823529412,1627.2985294117648,680
ragi,badepally,2758.3255813953488,2852.0348837209303,2809.5697674418607,86
ragi,mahbubnagar,2915.1777108433735,3529.5843373493976,3322.629518072289,332
ragi,navabpet(mbnr),2525.1296296296296,2920.796296296296,2692.9444444444443,54
red gram,achampet,6673.964912280701,7010.087719298245,6934.649122807017,57
red gram,asifabad,8137.373737373738,8394.141414141413,8287.373737373737,99
red gram,atmakur(wnp),7954.657534246576,8022.054794520548,7968.493150684932,73
red gram,badepally,7111.297777777778,7991.391111111111,7787.137777777778,225
red gram,bhainsa,6654.384090909091,8775.345454545455,8565.997727272726,440
red gram,choppadandi,7531.592741935484,8079.326612903225,7996.044354838709,248
red gram,devarakadra,7713.513274336283,7942.548672566371,7753.9646017699115,113
red gram,gadwal,6140.635179153094,7887.703583061889,7680.628664495114,307
red gram,jagtial,5982.484662576687,6915.803680981595,6753.944785276074,163
red gram,jangoan,6599.57345971564,7407.905213270142,7224.649289099526,211
red gram,jogipet,7567.705882352941,7817.941176470588,7692.823529411765,17
red gram,karimnagar,7146.603174603175,7436.603174603175,7341.523809523809,126
red gram,kesamudram,6982.065040650406,7730.934959349594,7547.975609756098,123
red gram,khammam,7208.235602094241,8385.680628272252,8091.79057591623,191
red gram,mahabubabad,6822.76,6875.56,6843.92,25
red gram,marpally,7941.463414634146,8479.756097560976,8201.463414634147,41
red gram,nagarkurnool,7293.962131147541,7995.94262295082,8301.483606557376,122
red gram,narayanpet,7760.627992633517,8963.00552486188,8669.151012891345,543
red gram,navabpet(mbnr),6690.365853658536,7495.585365853659,7422.365853658536,41
red gram,nizamabad,6999.010256410256,7259.810256410256,7246.466666666666,195
red gram,pargi,7588.5,8194.45,8022.233333333334,60
red gram,sadasivpet,7378.290697674419,8025.546511627907,7953.343023255814,172
red gram,shadnagar,7444.659090909091,7974.636363636364,7792.659090909091,44
red gram,siddipet,7288.545064377682,7513.223175965665,7672.450643776824,233
red gram,suryapet,6489.684112149533,8840.598130841121,8369.1738317757,535
red gram,tandur,8624.76180698152,9734.778234086243,9425.852156057495,487
red gram,thirumalagiri,7009.07476635514,8065.261682242991,7736.800623052959,321
red gram,vikarabad,6241.2,8103.28,7736.4,25
red gram,warangal,6699.203166226913,8284.712401055409,7998.849604221636,379
red gram,zaheerabad,8670.954682779457,9768.785498489426,9440.752265861027,331
ribbed gourd,bowenpally,958.0808080808081,2761.2373737373737,2248.9583333333335,792
ribbed gourd,gaddiannaram,2586.6151866151868,3413.5135135135133,3030.3732303732304,777
ribbed gourd,gudimalkapur,1543.6450839328538,3369.664268585132,2355.877697841727,834
ribbed gourd,hyderabad,2477.8085991678226,2979.1955617198337,2705.270457697642,721
ribbed gourd,kalwakurthy,3013.1961259079903,3895.8837772397096,3595.278450363196,413
ribbed gourd,shadnagar,3276.6129032258063,4078.4274193548385,3619.9596774193546,496
ribbed gourd,vantimamidi,1851.4357053682897,3029.837702871411,2436.1423220973784,801
ribbed gourd,venkateshwar nagar,23.7317880794702,23.7317880794702,23.692052980132452,302
ribbed gourd,warangal,3688.2708585247883,4148.972188633616,3914.292623941959,827
safflower,tandur,3988.923076923077,4058.3076923076924,4032.0,13
safflower,warangal,3992.4666666666667,4000.5333333333333,4000.5333333333333,15
safflower,zaheerabad,3824.1923076923076,4167.544871794872,3998.2820512820513,156
salgam,gudimalkapur,1389.9328859060402,1442.9530201342282,1410.0671140939598,149
sapota,gaddiannaram,2189.2430278884462,3243.851261620186,2491.6998671978754,753
sapota,warangal,1353.8461538461538,1356.043956043956,1353.8461538461538,91
snake gourd,bowenpally,561.7608409986859,1359.526938239159,1135.4796320630749,761
snake gourd,gaddiannaram,1385.15625,1695.5078125,1562.890625,512
snake gourd,gudimalkapur,1097.0212765957447,1181.4893617021276,1118.723404255319,470
snake gourd,vantimamidi,972.6190476190476,1018.3333333333334,996.1904761904761,210
snake gourd,venkateshwar nagar,12.75242718446602,12.75242718446602,12.75242718446602,206
soyabean,bhainsa,3740.3534798534797,4620.5,4555.358974358975,546
soyabean,boath,4631.948051948052,4812.467532467533,4648.831168831169,77
soyabean,jainath,4611.127272727273,4782.381818181818,4705.672727272728,55
soyabean,madnoor,4732.142857142857,4925.714285714285,4803.571428571428,14
soyabean,marpally,4300.0,4367.241379310345,4319.827586206897,29
soyabean,nizamabad,3733.728346456693,4271.937007874016,4145.933070866142,254
soyabean,sadasivpet,3836.125,4105.208333333333,4010.2083333333335,24
soyabean,tandur,4208.624060150376,4527.827067669173,4470.413533834587,133
soyabean,zaheerabad,4087.0496083550916,4751.14360313316,4581.2793733681465,383
subabul,asifabad,493.8181818181818,494.0,498.09090909090907,110
subabul,madhira,360.03367003367003,380.0,369.96632996632997,297
sunflower,badepally,4326.236842105263,4486.184210526316,4450.710526315789,38
sunflower,siddipet,4412.236559139785,4529.5268817204305,4462.763440860215,93
sunflower,warangal,4089.9333333333334,4112.6,4111.933333333333,15
sunflower,zaheerabad,4028.6111111111113,4038.3333333333335,4037.722222222222,18
sunnhemp,warangal,6976.957142857143,7206.314285714286,7169.971428571429,70
sweet corn,bowenpally,638.5981308411215,1936.6043613707166,1549.3691588785048,642
sweet corn,vantimamidi,515.0239808153477,1375.2398081534773,946.1930455635492,834
sweet potato,bowenpally,1028.3602150537633,2359.3413978494623,1956.350806451613,744
sweet potato,gaddiannaram,1242.4242424242425,1886.3636363636363,1556.8181818181818,66
sweet potato,gudimalkapur,1202.8513238289206,1502.8513238289206,1298.5763747454175,491
sweet potato,vantimamidi,900.0,1107.4074074074074,1003.7037037037037,27
tamarind,bhongir,6133.333333333333,7216.666666666667,6266.666666666667,30
tamarind,chevella,6300.0,6300.0,6084.0,25
tamarind,hyderabad,6978.423566878981,8728.980891719746,7036.146496815287,1256
tamarind,mahbubnagar,5475.928571428572,8507.85,6696.385714285714,140
tamarind,narayanpet,3765.818181818182,8113.181818181818,6017.969696969697,33
tamarind,navabpet(mbnr),4992.482758620689,10286.896551724138,7674.6551724137935,29
tamarind,nizamabad,8100.129032258064,9638.90322580645,8857.290322580646,31
tamarind seed,badepally,2492.75,2492.75,2492.75,16
tamarind seed,mahbubnagar,2413.641221374046,2428.5267175572517,2675.389312977099,131
tamarind seed,narayanpet,1526.0625,1800.75,1682.5625,16
tamarind seed,navabpet(mbnr),2504.6923076923076,2641.769230769231,2639.0,26
tamarind seed,nizamabad,6371.578947368421,8087.0526315789475,7120.789473684211,19
tamarind sprout,vantimamidi,2052.7272727272725,2314.5454545454545,2183.6363636363635,55
teisel gourd(boda kakarakaya),bowenpally,4773.076923076923,9033.97435897436,7564.423076923077,312
teisel gourd(boda kakarakaya),vantimamidi,8144.390243902439,10420.487804878048,9238.536585365853,205
tomato,bowenpally,625.8323765786453,2097.474167623421,1667.5660160734787,871
tomato,chevella,1316.9943502824858,1316.9943502824858,1330.045197740113,531
tomato,gaddiannaram,1236.8082368082369,2231.4028314028315,1722.1364221364222,777
tomato,gajwel,6042.622950819672,7245.901639344263,7106.55737704918,61
tomato,gudimalkapur,672.5748502994012,2672.9580838323354,1590.179640718563,835
tomato,hyderabad,1728.955797565663,2443.536194746957,2073.946188340807,1561
tomato,ibrahimpatnam(rr),2891.63179916318,3943.9330543933056,3397.071129707113,239
tomato,jainath,551.4705882352941,627.9411764705883,589.2117647058824,170
tomato,kalwakurthy,1219.4092219020172,2146.3256484149856,1687.7305475504322,694
tomato,khammam,2487.9432624113474,3131.099290780142,2443.971631205674,141
tomato,sangareddy,2057.8231292517007,2495.918367346939,2264.795918367347,294
tomato,shadnagar,1526.4673913043478,2138.9945652173915,1825.4076086956522,736
tomato,shankerpally,1902.0325203252032,2534.756097560976,2221.0975609756097,123
tomato,vantimamidi,1173.6341463414635,1404.0,1292.841463414634,410
tomato,venkateshwar nagar,20.082872928176794,20.066298342541437,20.044198895027623,543
tomato,warangal,1945.4437869822484,2308.0473372781066,2126.3313609467455,845
tumeric,bhainsa,6700.357142857143,9651.309523809523,9077.680952380952,210
tumeric,gollapalli,6510.0,6845.0,6692.5,20
tumeric,hyderabad,12246.753246753247,18259.74025974026,14207.792207792209,77
tumeric,jagtial,5330.297872340426,7904.659574468085,7350.872340425532,282
tumeric,kesamudram,6066.137640449439,8881.08426966292,8329.960674157302,356
tumeric,marpally,7250.0,8786.0,8008.0,20
tumeric,metpally,5329.162087912088,8711.164835164835,8055.516483516483,364
tumeric,nizamabad,7462.9195278969955,11787.951716738198,10398.152360515021,932
tumeric,pargi,9441.692307692309,11699.0,10532.884615384615,26
tumeric,sadasivpet,8515.507788161995,9245.58878504673,9019.884735202491,321
tumeric,vikarabad,5150.341463414634,7874.609756097561,7361.756097560976,41
tumeric,warangal,8751.022288261516,10167.491827637445,9768.818722139673,673
water melon,gaddiannaram,472.7602905569007,1147.324455205811,707.1670702179176,826
water melon,jainath,550.0,625.0,587.0,21
water melon,warangal,913.3618233618233,1100.854700854701,993.6182336182336,351
wheat,bhainsa,2117.3909774436092,2424.03007518797,2202.691729323308,133
wheat,sadasivpet,2156.0,2346.15,2317.5,20
wheat,zaheerabad,2152.301886792453,2224.5377358490564,2197.5471698113206,106
yam,bowenpally,2349.2537313432836,4752.404643449419,3947.2139303482586,603
yam,gudimalkapur,2369.098712446352,2587.1244635193134,2420.6008583690987,233
yam,warangal,4323.121387283237,4773.217726396917,4540.468208092486,519
